Awarding Agency,Awarding Subagency,ALN,Program Name
Agency for International Development,,98.001,USAID FOREIGN ASSISTANCE FOR PROGRAMS OVERSEAS
Corporation for National and Community Service,,94.002,AMERICORPS SENIORS RETIRED AND SENIOR VOLUNTEER PROGRAM (RSVP) 94.002
Corporation for National and Community Service,,94.005,LEARN AND SERVE AMERICA_HIGHER EDUCATION
Corporation for National and Community Service,,94.011,AMERICORPS SENIORS FOSTER GRANDPARENT PROGRAM (FGP) 94.011
Corporation for National and Community Service,,94.011,FOSTER GRANDPARENT PROGRAM
Corporation for National and Community Service,,94.011,FOSTER GRANPARENT PROGRAM
Corporation for National and Community Service,,94.013,VOLUNTEERS IN SERVICE TO AMERICA
Corporation for National and Community Service,,94.013,AMERICORPS VOLUNTEERS IN SERVICE TO AMERICA 94.013
Corporation for National and Community Service,,94.016,AMERICORPS SENIORS SENIOR COMPANION PROGRAM (SCP) 94.016
Corporation for National and Community Service,,94.016,SENIOR COMPANION PROGRAM
Corporation for National and Community Service,,94.026,NATIONAL SERVICE AND CIVIC ENGAGEMENT RESEARCH COMPETITION
Department of Agriculture,,10.001,AGRICULTURAL RESEARCH BASIC AND APPLIED RESEARCH
Department of Agriculture,,10.001,AGRICULTURAL RESEARCH_BASIC AND APPLIED RESEARCH
Department of Agriculture,,10.025,"PLANT AND ANIMAL DISEASE, PEST CONTROL, AND ANIMAL CARE"
Department of Agriculture,,10.028,WILDLIFE SERVICES
Department of Agriculture,,10.156,FEDERAL-STATE MARKETING IMPROVEMENT PROGRAM
Department of Agriculture,,10.167,TRANSPORTATION SERVICES
Department of Agriculture,,10.168,FARMERS MARKET PROMOTION PROGRAM
Department of Agriculture,,10.175,FARMERS MARKET AND LOCAL FOOD PROMOTION PROGRAM
Department of Agriculture,,10.176,DAIRY BUSINESS INNOVATION INITIATIVES
Department of Agriculture,,10.200,"GRANTS FOR AGRICULTURAL RESEARCH, SPECIAL RESEARCH GRANTS"
Department of Agriculture,,10.202,COOPERATIVE FORESTRY RESEARCH
Department of Agriculture,,10.206,GRANTS FOR AGRICULTURAL RESEARCH_COMPETITIVE RESEARCH GRANTS
Department of Agriculture,,10.210,HIGHER EDUCATION NATIONAL NEEDS GRADUATE FELLOWSHIP GRANTS
Department of Agriculture,,10.210,HIGHER EDUCATION – GRADUATE FELLOWSHIPS GRANT PROGRAM
Department of Agriculture,,10.217,HIGHER EDUCATION - INSTITUTION CHALLENGE GRANTS PROGRAM
Department of Agriculture,,10.217,HIGHER EDUCATION CHALLENGE GRANTS
Department of Agriculture,,10.220,HIGHER EDUCATION - MULTICULTURAL SCHOLARS GRANT PROGRAM
Department of Agriculture,,10.220,HIGHER EDUCATION MULTICULTURAL SCHOLARS PROGRAM
Department of Agriculture,,10.223,HISPANIC SERVING INSTITUTIONS EDUCATION GRANTS
Department of Agriculture,,10.225,COMMUNITY FOOD PROJECTS
Department of Agriculture,,10.226,SECONDARY AND TWO-YEAR POSTSECONDARY AGRICULTURE EDUCATION CHALLENGE GRANTS
Department of Agriculture,,10.237,FROM LEARNING TO LEADING: CULTIVATING THE NEXT GENERATION OF DIVERSE FOOD AND AGRICULTURE PROFESSIONALS
Department of Agriculture,,10.250,"AGRICULTURAL AND RURAL ECONOMIC RESEARCH, COOPERATIVE AGREEMENTS AND COLLABORATIONS"
Department of Agriculture,,10.253,CONSUMER DATA AND NUTRITION RESEARCH
Department of Agriculture,,10.303,INTEGRATED PROGRAMS
Department of Agriculture,,10.309,SPECIALTY CROP RESEARCH INITIATIVE
Department of Agriculture,,10.310,AGRICULTURE AND FOOD RESEARCH INITIATIVE (AFRI)
Department of Agriculture,,10.311,BEGINNING FARMER AND RANCHER DEVELOPMENT PROGRAM
Department of Agriculture,,10.326,CAPACITY BUILDING FOR NON-LAND GRANT COLLEGES OF AGRICULTURE (NLGCA)
Department of Agriculture,,10.328,FOOD SAFETY OUTREACH PROGRAM
Department of Agriculture,,10.328,"NATIONAL FOOD SAFETY TRAINING, EDUCATION, EXTENSION, OUTREACH, AND TECHNICAL ASSISTANCE COMPETITIVE GRANTS PROGRAM"
Department of Agriculture,,10.329,CROP PROTECTION AND PEST MANAGEMENT COMPETITIVE GRANTS PROGRAM
Department of Agriculture,,10.331,GUS SCHUMACHER NUTRITION INCENTIVE PROGRAM
Department of Agriculture,,10.351,RURAL BUSINESS DEVELOPMENT GRANT
Department of Agriculture,,10.406,FARM OPERATING LOANS
Department of Agriculture,,10.443,OUTREACH AND ASSISTANCE FOR SOCIALLY DISADVANTAGED AND VETERAN FARMERS AND RANCHERS
Department of Agriculture,,10.519,EQUIPMENT GRANTS PROGRAM (EGP)
Department of Agriculture,,10.652,FORESTRY RESEARCH
Department of Agriculture,,10.664,COOPERATIVE FORESTRY ASSISTANCE
Department of Agriculture,,10.675,URBAN AND COMMUNITY FORESTRY PROGRAM
Department of Agriculture,,10.680,FOREST HEALTH PROTECTION
Department of Agriculture,,10.688,RECOVERY ACT OF 2009: WILDLAND FIRE MANAGEMENT
Department of Agriculture,,10.690,LAKE TAHOE EROSION CONTROL GRANT PROGRAM
Department of Agriculture,,10.723,COMMUNITY PROJECT FUNDS - CONGRESSIONALLY DIRECTED SPENDING
Department of Agriculture,,10.727,INFLATION REDUCTION ACT URBAN & COMMUNITY FORESTRY PROGRAM
Department of Agriculture,,10.761,TECHNICAL ASSISTANCE AND TRAINING GRANTS
Department of Agriculture,,10.766,COMMUNITY FACILITIES LOANS AND GRANTS
Department of Agriculture,,10.769,RURAL BUSINESS ENTERPRISE GRANTS
Department of Agriculture,,10.868,RURAL ENERGY FOR AMERICA PROGRAM
Department of Agriculture,,10.902,SOIL AND WATER CONSERVATION
Department of Agriculture,,10.937,PARTNERSHIPS FOR CLIMATE-SMART COMMODITIES
Department of Agriculture,,10.960,TECHNICAL AGRICULTURAL ASSISTANCE
Department of Commerce,,11.008,NOAA MISSION-RELATED EDUCATION AWARDS
Department of Commerce,,11.012,INTEGRATED OCEAN OBSERVING SYSTEM (IOOS)
Department of Commerce,,11.017,OCEAN ACIDIFICATION PROGRAM (OAP)
Department of Commerce,,11.020,CLUSTER GRANTS
Department of Commerce,,11.020,CLUSTER GRANTS.
Department of Commerce,,11.024,BUILD TO SCALE
Department of Commerce,,11.028,CONNECTING MINORITY COMMUNITIES PILOT PROGRAM
Department of Commerce,,11.030,SCIENCE AND RESEARCH PARK DEVELOPMENT GRANTS
Department of Commerce,,11.112,MARKET DEVELOPMENT COOPERATOR PROGRAM
Department of Commerce,,11.300,INVESTMENTS FOR PUBLIC WORKS AND ECONOMIC DEVELOPMENT FACILITIES
Department of Commerce,,11.303,ECONOMIC DEVELOPMENT TECHNICAL ASSISTANCE
Department of Commerce,,11.303,ECONOMIC DEVELOPMENT_TECHNICAL ASSISTANCE
Department of Commerce,,11.307,ECONOMIC ADJUSTMENT ASSISTANCE
Department of Commerce,,11.417,SEA GRANT SUPPORT
Department of Commerce,,11.420,COASTAL ZONE MANAGEMENT ESTUARINE RESEARCH RESERVES
Department of Commerce,,11.426,FINANCIAL ASSISTANCE FOR NATIONAL CENTERS FOR COASTAL OCEAN SCIENCE
Department of Commerce,,11.427,FISHERIES DEVELOPMENT AND UTILIZATION RESEARCH AND DEVELOPMENT GRANTS AND COOPERATIVE AGREEMENTS PROGRAM
Department of Commerce,,11.429,MARINE SANCTUARY PROGRAM
Department of Commerce,,11.431,CLIMATE AND ATMOSPHERIC RESEARCH
Department of Commerce,,11.439,MARINE MAMMAL DATA PROGRAM
Department of Commerce,,11.440,"ENVIRONMENTAL SCIENCES, APPLICATIONS, DATA, AND EDUCATION"
Department of Commerce,,11.454,UNALLIED MANAGEMENT PROJECTS
Department of Commerce,,11.455,COOPERATIVE SCIENCE AND EDUCATION PROGRAM
Department of Commerce,,11.463,HABITAT CONSERVATION
Department of Commerce,,11.468,APPLIED METEOROLOGICAL RESEARCH
Department of Commerce,,11.469,CONGRESSIONALLY IDENTIFIED AWARDS AND  PROJECTS
Department of Commerce,,11.472,UNALLIED SCIENCE PROGRAM
Department of Commerce,,11.473,OFFICE FOR COASTAL MANAGEMENT
Department of Commerce,,11.478,CENTER FOR SPONSORED COASTAL OCEAN RESEARCH_COASTAL OCEAN PROGRAM
Department of Commerce,,11.478,CENTER FOR SPONSORED COASTAL OCEAN RESEARCH - COASTAL OCEAN PROGRAM
Department of Commerce,,11.482,CORAL REEF CONSERVATION PROGRAM
Department of Commerce,,11.550,PUBLIC TELECOMMUNICATIONS FACILITIES PLANNING AND CONSTRUCTION
Department of Commerce,,11.609,MEASUREMENT AND ENGINEERING RESEARCH AND STANDARDS
Department of Commerce,,11.617,CONGRESSIONALLY-IDENTIFIED PROJECTS
Department of Commerce,,11.620,"SCIENCE, TECHNOLOGY, BUSINESS AND/OR EDUCATION OUTREACH"
Department of Commerce,,11.999,MARINE DEBRIS PROGRAM
Department of Defense,,12.002,PROCUREMENT TECHNICAL ASSISTANCE FOR BUSINESS FIRMS
Department of Defense,,12.005,CONSERVATION AND REHABILITATION OF NATURAL RESOURCES ON MILITARY INSTALLATIONS
Department of Defense,,12.300,BASIC AND APPLIED SCIENTIFIC RESEARCH
Department of Defense,,12.330,"SCIENCE, TECHNOLOGY, ENGINEERING & MATHEMATICS (STEM) EDUCATION, OUTREACH AND WORKFORCE PROGRAM"
Department of Defense,,12.335,"NAVY  COMMAND, CONTROL, COMMUNICATIONS, COMPUTERS, INTELLIGENCE, SURVEILLANCE, AND RECONNAISSANCE"
Department of Defense,,12.351,BASIC  SCIENTIFIC RESEARCH - COMBATING WEAPONS OF MASS DESTRUCTION
Department of Defense,,12.420,MILITARY MEDICAL RESEARCH AND DEVELOPMENT
Department of Defense,,12.431,BASIC SCIENTIFIC RESEARCH
Department of Defense,,12.598,CENTERS FOR ACADEMIC EXCELLENCE
Department of Defense,,12.599,CONGRESSIONALLY DIRECTED ASSISTANCE
Department of Defense,,12.630,BASIC APPLIED AND ADVANCED RESERCH IN SCIENCE AND ENGINEERING
Department of Defense,,12.630,"BASIC, APPLIED, AND ADVANCED RESEARCH IN SCIENCE AND ENGINEERING"
Department of Defense,,12.800,AIR FORCE DEFENSE RESEARCH SCIENCES PROGRAM
Department of Defense,,12.900,LANGUAGE GRANT PROGRAM
Department of Defense,,12.901,MATHEMATICAL SCIENCES GRANTS PROGRAM
Department of Defense,,12.902,INFORMATION SECURITY GRANT PROGRAM
Department of Defense,,12.905,CYBERSECURITY CORE CURRICULUM
Department of Defense,,12.910,RESEARCH AND TECHNOLOGY DEVELOPMENT
Department of Education,,84.015,NATIONAL RESOURCE CENTERS PROGRAM FOR FOREIGN LANGUAGE AND AREA STUDIES OR FOREIGN LANGUAGE AND INTERNATIONAL STUDIES PROGRAM AND FOREIGN LANGUAGE AND AREA STUDIES FELLOWSHIP PROGRAM
Department of Education,,84.016,UNDERGRADUATE INTERNATIONAL STUDIES AND FOREIGN LANGUAGE PROGRAMS
Department of Education,,84.017,INTERNATIONAL RESEARCH AND STUDIES
Department of Education,,84.019,OVERSEAS PROGRAMS - FACULTY RESEARCH ABROAD
Department of Education,,84.021,OVERSEAS PROGRAMS - GROUP PROJECTS ABROAD
Department of Education,,84.031,HIGHER EDUCATION INSTITUTIONAL AID
Department of Education,,84.031,HIGHER EDUCATION_INSTITUTIONAL AID
Department of Education,,84.031,HIGHER EDUCATION - INSTITUTIONAL AID
Department of Education,,84.042,TRIO_STUDENT SUPPORT SERVICES
Department of Education,,84.042,TRIO STUDENT SUPPORT SERVICES
Department of Education,,84.042,TRIO - STUDENT SUPPORT SERVICES
Department of Education,,84.044,TRIO TALENT SEARCH
Department of Education,,84.044,TRIO - TALENT SEARCH
Department of Education,,84.044,TRIO_TALENT SEARCH
Department of Education,,84.047,TRIO UPWARD BOUND
Department of Education,,84.047,TRIO_UPWARD BOUND
Department of Education,,84.047,TRIO - UPWARD BOUND
Department of Education,,84.066,TRIO EDUCATIONAL OPPORTUNITY CENTERS
Department of Education,,84.066,TRIO - EDUCATIONAL OPORTUNITY CENTERS
Department of Education,,84.066,TRIO_EDUCATIONAL OPPORTUNITY CENTERS
Department of Education,,84.083,WOMEN'S EDUCATIONAL EQUITY PROGRAM
Department of Education,,84.103,TRIO STAFF TRAINING PROGRAM
Department of Education,,84.116,FUND FOR THE IMPROVEMENT OF POSTSECONDARY EDUCATION
Department of Education,,84.120,MINORITY SCIENCE IMPROVEMENT
Department of Education,,84.120,MINORITY SCIENCE AND ENGINEERING IMPROVEMENT
Department of Education,,84.129,REHABILITATION LONG-TERM TRAINING
Department of Education,,84.133,NATIONAL INSTITUTE ON DISABILITY AND REHABILITATION RESEARCH
Department of Education,,84.141,MIGRANT EDUCATION HIGH SCHOOL EQUIVALENCY PROGRAM
Department of Education,,84.141,MIGRANT EDUCATION_HIGH SCHOOL EQUIVALENCY PROGRAM
Department of Education,,84.141,MIGRANT EDUCATION - HIGH SCHOOL EQUIVALENCY PROGRAM
Department of Education,,84.149,MIGRANT EDUCATION COLLEGE ASSISTANCE MIGRANT PROGRAM
Department of Education,,84.149,MIGRANT EDUCATION_COLLEGE ASSISTANCE MIGRANT PROGRAM
Department of Education,,84.153,BUSINESS AND INTERNATIONAL EDUCATION PROJECTS
Department of Education,,84.170,JAVITS FELLOWSHIPS
Department of Education,,84.184,SCHOOL SAFELY NATIONAL ACTIVITIES
Department of Education,,84.195,BILINGUAL EDUCATION TRAINING GRANTS
Department of Education,,84.195,BILINGUAL EDUCATION- PROFESSIONAL DEVELOPMENT
Department of Education,,84.200,GRADUATE ASSISTANCE IN AREAS OF NATIONAL NEED
Department of Education,,84.215,FUND FOR THE IMPROVEMENT OF EDUCATION
Department of Education,,84.215,INNOVATIVE APPROACHES TO LITERACY; PROMISE NEIGHBORHOODS; FULL-SERVICE COMMUNITY SCHOOLS; AND CONGRESSIONALLY DIRECTED SPENDING FOR ELEMENTARY AND SECONDARY EDUCATION COMMUNITY PROJECTS
Department of Education,,84.217,TRIO_MCNAIR POST-BACCALAUREATE ACHIEVEMENT
Department of Education,,84.217,TRIO MCNAIR POST-BACCALAUREATE ACHIEVEMENT
Department of Education,,84.217,MCNAIR POST-BACCALAUREATE ACHIEVEMENT
Department of Education,,84.220,CENTERS FOR INTERNATIONAL BUSINESS EDUCATION
Department of Education,,84.229,LANGUAGE RESOURCE CENTERS
Department of Education,,84.235,REHABILITATION SERVICES DEMONSTRATION AND TRAINING PROGRAMS
Department of Education,,84.246,REHABILITATION SHORT-TERM TRAINING
Department of Education,,84.264,REHABILITATION TRAINING TECHNICAL ASSISTANCE CENTERS
Department of Education,,84.264,REHABILITATION TRAINING - CONTINUING EDUCATION
Department of Education,,84.299,INDIAN EDUCATION -- SPECIAL PROGRAMS FOR INDIAN CHILDREN
Department of Education,,84.305,"EDUCATION RESEARCH, DEVELOPMENT AND DISSEMINATION"
Department of Education,,84.315,CAPACITY BUILDING FOR TRADITIONALLY UNDERSERVED POPULATIONS
Department of Education,,84.315,TRADITIONALLY UNDERSERVED POPULATIONS
Department of Education,,84.324,RESEARCH IN SPECIAL EDUCATION
Department of Education,,84.325,SPECIAL EDUCATION - PERSONNEL DEVELOPMENT TO IMPROVE SERVICES AND RESULTS FOR CHILDREN WITH DISABILITIES
Department of Education,,84.325,SPECIAL EDUCATION-PERSONNEL DEVELOPMENT TO IMPROVE SERVICES AND RESULTS FO
Department of Education,,84.326,SPECIAL EDUCATION TECHNICAL ASSISTANCE AND DISSEMINATION TO IMPROVE SERVICES AND RESULTS FOR CHILDREN WITH DISABILITIES
Department of Education,,84.326,SPECIAL EDUCATION_TECHNICAL ASSISTANCE AND DISSEMINATION TO IMPROVE SERVICES AND RESULTS FOR CHILDREN WITH DISABILITIES
Department of Education,,84.327,"SPECIAL EDUCATION EDUCATIONAL TECHNOLOGY MEDIA, AND MATERIALS FOR INDIVIDUALS WITH DISABILITIES"
Department of Education,,84.333,DEMONSTRATION PROJECTS TO ENSURE STUDENTS WITH DISABILITIES RECEIVE A HIGH
Department of Education,,84.334,GAINING EARLY AWARENESS AND READINESS FOR UNDERGRADUATE PROGRAMS
Department of Education,,84.334,GAINING EARLY AWARENESS AND READINESS FOR UNDERGRADUATE PROGRAMS (GEAR-UP)
Department of Education,,84.335,CHILD CARE ACCESS MEANS PARENTS IN SCHOOL
Department of Education,,84.335,CHILDCARE ACCESS MEANS PARENTS IN SCHOOL
Department of Education,,84.336,TEACHER QUALITY PARTNERSHIP GRANTS
Department of Education,,84.350,TRANSITION TO TEACHING PROGRAM
Department of Education,,84.350,TRANSITION TO TEACHING
Department of Education,,84.363,SCHOOL LEADER RECRUITMENT AND SUPPORT (FORMERLY SCHOOL LEADERSHIP)
Department of Education,,84.363,SCHOOL LEADERSHIP
Department of Education,,84.363,SCHOOL LEADERSHIP PROGRAM
Department of Education,,84.365,ENGLISH LANGUAGE ACQUISITION STATE GRANTS
Department of Education,,84.382,STRENGTHENING MINORITY-SERVING INSTITUTIONS
Department of Education,,84.405,"TEACHER QUALITY PARTNERSHIPS, RECOVERY ACT"
Department of Education,,84.407,TRANSITION PROGRAMS FOR STUDENTS WITH INTELLECTUAL DISABILITIES INTO HIGHER EDUCATION
Department of Education,,84.411,EDUCATION INNOVATION AND RESEARCH (FORMERLY INVESTING IN INNOVATION (I3) FUND)
Department of Education,,84.411,STATE FISCAL STABILIZATION FUND (SFSF) - INVESTING IN INNOVATION (I3) FUND
Department of Education,,84.422,AMERICAN HISTORY AND CIVICS EDUCATION
Department of Education,,84.423,SUPPORTING EFFECTIVE EDUCATOR DEVELOPMENT PROGRAM
Department of Education,,84.425,EDUCATION STABILIZATION FUND
Department of Education,,84.428,AUGUSTUS F. HAWKINS CENTERS OF EXCELLENCE—TEACHER PREPARATION AND DEVELOPMENT
Department of Energy,,81.049,OFFICE OF SCIENCE FINANCIAL ASSISTANCE PROGRAM
Department of Energy,,81.086,CONSERVATION RESEARCH AND DEVELOPMENT
Department of Energy,,81.087,RENEWABLE ENERGY RESEARCH AND DEVELOPMENT
Department of Energy,,81.089,FOSSIL ENERGY RESEARCH AND DEVELOPMENT
Department of Energy,,81.112,STEWARDSHIP SCIENCE GRANT PROGRAM
Department of Energy,,81.117,"ENERGY EFFICIENCY AND RENEWABLE ENERGY INFORMATION DISSEMINATION, OUTREACH, TRAINING AND TECHNICAL ANALYSIS/ASSISTANCE"
Department of Energy,,81.117,"ENERGY EFFICIENCY AND RENEWABLE ENERGY INFORMATION DISSEMINATION, OUTREACH"
Department of Energy,,81.121,"NUCLEAR ENERGY RESEARCH, DEVELOPMENT AND DEMONSTRATION"
Department of Energy,,81.122,"ELECTRICITY DELIVERY AND ENERGY RELIABILITY, RESEARCH, DEVELOPMENT AND ANA"
Department of Energy,,81.133,GEOLOGIC SEQUESTRATION TRAINING AND RESEARCH GRANT PROGRAM
Department of Energy,,81.135,ADVANCED RESEARCH PROJECTS AGENCY - ENERGY
Department of Health and Human Services,Administration for Children and Families,93.575,CHILD CARE AND DEVELOPMENT BLOCK GRANT
Department of Health and Human Services,Administration for Children and Families,93.600,HEAD START
Department of Health and Human Services,Administration for Children and Families,93.602,ASSETS FOR INDEPENDENCE DEMONSTRATION PROGRAM
Department of Health and Human Services,Administration for Children and Families,93.631,DEVELOPMENTAL DISABILITIES PROJECTS OF NATIONAL SIGNIFICANCE
Department of Health and Human Services,Administration for Children and Families,93.670,CHILD ABUSE AND NEGLECT DISCRETIONARY ACTIVITIES
Department of Health and Human Services,Administration for Children and Families,93.708,ARRA - HEAD START
Department of Health and Human Services,Administration for Children and Families,93.711,ARRA –  STRENGTHENING COMMUNITIES FUND
Department of Health and Human Services,Administration for Community Living,93.433,"ACL NATIONAL INSTITUTE ON DISABILITY, INDEPENDENT LIVING, AND REHABILITATION RESEARCH"
Department of Health and Human Services,Centers for Disease Control and Prevention,93.061,INNOVATIONS IN APPLIED PUBLIC HEALTH RESEARCH
Department of Health and Human Services,Centers for Disease Control and Prevention,93.068,"CHRONIC DISEASES:  RESEARCH, CONTROL, AND PREVENTION"
Department of Health and Human Services,Centers for Disease Control and Prevention,93.084,"PREVENTION OF DISEASE, DISABILITY, AND DEATH BY INFECTIOUS DISEASES"
Department of Health and Human Services,Centers for Disease Control and Prevention,93.135,CENTERS FOR RESEARCH AND DEMONSTRATION FOR HEALTH PROMOTION AND DISEASE PREVENTION
Department of Health and Human Services,Centers for Disease Control and Prevention,93.262,OCCUPATIONAL SAFETY AND HEALTH PROGRAM
Department of Health and Human Services,Centers for Disease Control and Prevention,93.535,AFFORDABLE CARE ACT (ACA) CHILDHOOD OBESITY RESEARCH DEMONSTRATION
Department of Health and Human Services,Centers for Disease Control and Prevention,93.943,EPIDEMIOLOGIC RESEARCH STUDIES OF ACQUIRED IMMUNODEFICIENCY SYNDROME (AIDS) AND HUMAN IMMUNODEFICIENCY VIRUS (HIV) INFECTION IN SELECTED POPULATION GROUPS
Department of Health and Human Services,Centers for Disease Control and Prevention,93.945,ASSISTANCE PROGRAMS FOR CHRONIC DISEASE PREVENTION AND CONTROL
Department of Health and Human Services,Centers for Disease Control and Prevention,93.978,SEXUALLY TRANSMITTED DISEASES (STD) PROVIDER EDUCATION GRANTS
Department of Health and Human Services,Centers for Medicare and Medicaid Services,93.768,MEDICAID INFRASTRUCTURE GRANTS TO SUPPORT THE COMPETITIVE EMPLOYMENT OF PEOPLE WITH DISABILITIES
Department of Health and Human Services,Centers for Medicare and Medicaid Services,93.779,"CENTERS FOR MEDICARE AND MEDICAID SERVICES (CMS) RESEARCH, DEMONSTRATIONS AND EVALUATIONS"
Department of Health and Human Services,Centers for Medicare and Medicaid Services,93.779,"CENTERS FOR MEDICARE AND MEDICAID SERVICES (CMS) RESEARCH, DEMONSTRATIONS"
Department of Health and Human Services,Food and Drug Administration,93.103,FOOD AND DRUG ADMINISTRATION RESEARCH
Department of Health and Human Services,Health Resources and Services Administration,93.011,NATIONAL ORGANIZATIONS FOR STATE AND LOCAL OFFICIALS
Department of Health and Human Services,Health Resources and Services Administration,93.110,MATERNAL AND CHILD HEALTH FEDERAL CONSOLIDATED PROGRAMS
Department of Health and Human Services,Health Resources and Services Administration,93.124,NURSE ANESTHETIST TRAINEESHIP
Department of Health and Human Services,Health Resources and Services Administration,93.124,NURSE ANESTHETIST TRAINEESHIPS
Department of Health and Human Services,Health Resources and Services Administration,93.178,NURSING WORKFORCE DIVERSITY
Department of Health and Human Services,Health Resources and Services Administration,93.243,SUBSTANCE ABUSE AND MENTAL HEALTH SERVICES: PROJECTS OF REGIONAL AND NATIO
Department of Health and Human Services,Health Resources and Services Administration,93.243,SUBSTANCE ABUSE AND MENTAL HEALTH SERVICES PROJECTS OF REGIONAL AND NATIONAL SIGNIFICANCE
Department of Health and Human Services,Health Resources and Services Administration,93.247,ADVANCED NURSING EDUCATION WORKFORCE GRANT PROGRAM
Department of Health and Human Services,Health Resources and Services Administration,93.247,ADVANCED NURSING EDUCATION GRANT PROGRAM
Department of Health and Human Services,Health Resources and Services Administration,93.264,NURSE FACULTY LOAN PROGRAM (NFLP)
Department of Health and Human Services,Health Resources and Services Administration,93.358,ADVANCED NURSING EDUCATION TRAINEESHIPS
Department of Health and Human Services,Health Resources and Services Administration,93.358,ADVANCED EDUCATION NURSING TRAINEESHIPS
Department of Health and Human Services,Health Resources and Services Administration,93.359,"NURSE EDUCATION, PRACTICE QUALITY AND RETENTION GRANTS"
Department of Health and Human Services,Health Resources and Services Administration,93.359,"NURSE EDUCATION, PRACTICE AND RETENTION GRANTS"
Department of Health and Human Services,Health Resources and Services Administration,93.364,NURSING STUDENT LOANS
Department of Health and Human Services,Health Resources and Services Administration,93.405,ARRA - PUBLIC HEALTH TRAINEESHIP PROGRAM
Department of Health and Human Services,Health Resources and Services Administration,93.407,ARRA - SCHOLARSHIPS FOR DISADVANTAGED STUDENTS
Department of Health and Human Services,Health Resources and Services Administration,93.411,ARRA – EQUIPMENT TO ENHANCE TRAINING FOR HEALTH PROFESSIONALS
Department of Health and Human Services,Health Resources and Services Administration,93.493,CONGRESSIONAL DIRECTIVES
Department of Health and Human Services,Health Resources and Services Administration,93.516,AFFORDABLE CARE ACT (ACA) PUBLIC HEALTH TRAINING CENTERS GRANT PROGRAM
Department of Health and Human Services,Health Resources and Services Administration,93.732,MENTAL AND BEHAVIORAL HEALTH EDUCATION AND TRAINING GRANTS
Department of Health and Human Services,Health Resources and Services Administration,93.822,HEALTH CAREERS OPPORTUNITY PROGRAM
Department of Health and Human Services,Health Resources and Services Administration,93.822,HEALTH CAREERS OPPORTUNITY PROGRAM (HCOP)
Department of Health and Human Services,Health Resources and Services Administration,93.887,HEALTH CARE AND OTHER FACILITIES
Department of Health and Human Services,Health Resources and Services Administration,93.888,SPECIALLY SELECTED HEALTH PROJECTS
Department of Health and Human Services,Health Resources and Services Administration,93.912,"RURAL HEALTH CARE SERVICES OUTREACH, RURAL HEALTH NETWORK DEVELOPMENT AND SMALL HEALTH CARE PROVIDER QUALITY IMPROVEMENT"
Department of Health and Human Services,Health Resources and Services Administration,93.925,SCHOLARSHIPS FOR HEALTH PROFESSIONS STUDENTS FROM DISADVANTAGED BACKGROUNDS
Department of Health and Human Services,Health Resources and Services Administration,93.925,SCHOLARSHIPS FOR HEALTH PROFESSIONS STUDENTS FROM DISADVANTAGED BACKGROUND
Department of Health and Human Services,Health Resources and Services Administration,93.964,PREVENTION AND PUBLIC HEALTH FUND (PPHF) PUBLIC HEALTH TRAINEESHIPS
Department of Health and Human Services,Health Resources and Services Administration,93.969,PPHF GERIATRIC EDUCATION CENTERS
Department of Health and Human Services,Immediate Office of the Secretary,93.015,HIV PREVENTION PROGRAMS FOR WOMEN
Department of Health and Human Services,Immediate Office of the Secretary,93.910,FAMILY AND COMMUNITY VIOLENCE PREVENTION PROGRAM
Department of Health and Human Services,Indian Health Service,93.970,HEALTH PROFESSIONS RECRUITMENT PROGRAM FOR INDIANS
Department of Health and Human Services,National Institutes of Health,93.077,FAMILY SMOKING PREVENTION AND TOBACCO CONTROL ACT REGULATORY RESEARCH
Department of Health and Human Services,National Institutes of Health,93.113,ENVIRONMENTAL HEALTH
Department of Health and Human Services,National Institutes of Health,93.121,ORAL DISEASES AND DISORDERS RESEARCH
Department of Health and Human Services,National Institutes of Health,93.172,HUMAN GENOME RESEARCH
Department of Health and Human Services,National Institutes of Health,93.173,RESEARCH RELATED TO DEAFNESS AND COMMUNICATION DISORDERS
Department of Health and Human Services,National Institutes of Health,93.213,RESEARCH AND TRAINING IN COMPLEMENTARY AND INTEGRATIVE HEALTH
Department of Health and Human Services,National Institutes of Health,93.242,MENTAL HEALTH RESEARCH GRANTS
Department of Health and Human Services,National Institutes of Health,93.272,ALCOHOL NATIONAL RESEARCH SERVICE AWARDS FOR RESEARCH TRAINING
Department of Health and Human Services,National Institutes of Health,93.273,ALCOHOL RESEARCH PROGRAMS
Department of Health and Human Services,National Institutes of Health,93.279,DRUG USE AND ADDICTION RESEARCH PROGRAMS
Department of Health and Human Services,National Institutes of Health,93.279,DRUG ABUSE AND ADDICTION RESEARCH PROGRAMS
Department of Health and Human Services,National Institutes of Health,93.281,MENTAL HEALTH RESEARCH CAREER/SCIENTIST DEVELOPMENT AWARDS
Department of Health and Human Services,National Institutes of Health,93.282,MENTAL HEALTH NATIONAL RESEARCH SERVICE AWARDS FOR RESEARCH TRAINING
Department of Health and Human Services,National Institutes of Health,93.286,DISCOVERY AND APPLIED RESEARCH FOR TECHNOLOGICAL INNOVATIONS TO IMPROVE HUMAN HEALTH
Department of Health and Human Services,National Institutes of Health,93.307,MINORITY HEALTH AND HEALTH DISPARITIES RESEARCH
Department of Health and Human Services,National Institutes of Health,93.310,TRANS-NIH RESEARCH SUPPORT
Department of Health and Human Services,National Institutes of Health,93.351,RESEARCH INFRASTRUCTURE PROGRAMS
Department of Health and Human Services,National Institutes of Health,93.360,"BIOMEDICAL ADVANCED RESEARCH AND DEVELOPMENT AUTHORITY (BARDA), BIODEFENSE MEDICAL COUNTERMEASURE DEVELOPMENT"
Department of Health and Human Services,National Institutes of Health,93.361,NURSING RESEARCH
Department of Health and Human Services,National Institutes of Health,93.389,NATIONAL CENTER FOR RESEARCH RESOURCES
Department of Health and Human Services,National Institutes of Health,93.390,ACADEMIC RESEARCH ENHANCEMENT AWARD
Department of Health and Human Services,National Institutes of Health,93.393,CANCER CAUSE AND PREVENTION RESEARCH
Department of Health and Human Services,National Institutes of Health,93.394,CANCER DETECTION AND DIAGNOSIS RESEARCH
Department of Health and Human Services,National Institutes of Health,93.395,CANCER TREATMENT RESEARCH
Department of Health and Human Services,National Institutes of Health,93.396,CANCER BIOLOGY RESEARCH
Department of Health and Human Services,National Institutes of Health,93.397,CANCER CENTERS SUPPORT GRANTS
Department of Health and Human Services,National Institutes of Health,93.398,CANCER RESEARCH MANPOWER
Department of Health and Human Services,National Institutes of Health,93.399,CANCER CONTROL
Department of Health and Human Services,National Institutes of Health,93.701,TRANS-NIH RECOVERY ACT RESEARCH SUPPORT
Department of Health and Human Services,National Institutes of Health,93.837,CARDIOVASCULAR DISEASES RESEARCH
Department of Health and Human Services,National Institutes of Health,93.846,"ARTHRITIS, MUSCULOSKELETAL AND SKIN DISEASES RESEARCH"
Department of Health and Human Services,National Institutes of Health,93.847,"DIABETES, DIGESTIVE, AND KIDNEY DISEASES EXTRAMURAL RESEARCH"
Department of Health and Human Services,National Institutes of Health,93.849,"KIDNEY DISEASES, UROLOGY AND HEMATOLOGY RESEARCH"
Department of Health and Human Services,National Institutes of Health,93.853,EXTRAMURAL RESEARCH PROGRAMS IN THE NEUROSCIENCES AND NEUROLOGICAL DISORDERS
Department of Health and Human Services,National Institutes of Health,93.855,ALLERGY AND INFECTIOUS DISEASES RESEARCH
Department of Health and Human Services,National Institutes of Health,93.855,"ALLERGY, IMMUNOLOGY AND TRANSPLANTATION RESEARCH"
Department of Health and Human Services,National Institutes of Health,93.859,BIOMEDICAL RESEARCH AND RESEARCH TRAINING
Department of Health and Human Services,National Institutes of Health,93.865,CHILD HEALTH AND HUMAN DEVELOPMENT EXTRAMURAL RESEARCH
Department of Health and Human Services,National Institutes of Health,93.866,AGING RESEARCH
Department of Health and Human Services,National Institutes of Health,93.867,VISION RESEARCH
Department of Health and Human Services,National Institutes of Health,93.879,MEDICAL LIBRARY ASSISTANCE
Department of Health and Human Services,National Institutes of Health,93.989,INTERNATIONAL RESEARCH AND RESEARCH TRAINING
Department of Health and Human Services,National Institutes of Health,MU.LTI,INDICATES AWARDS FUNDED FROM MULTIPLE PROGRAMS
Department of Health and Human Services,Office of Assistant Secretary for Health,93.085,RESEARCH ON RESEARCH INTEGRITY
Department of Health and Human Services,Office of Assistant Secretary for Health,93.137,COMMUNITY PROGRAMS TO IMPROVE  MINORITY HEALTH GRANT PROGRAM
Department of Health and Human Services,Office of Assistant Secretary for Health,93.137,COMMUNITY PROGRAMS TO IMPROVE MINORITY HEALTH
Department of Health and Human Services,Office of Assistant Secretary for Health,93.910,FAMILY AND COMMUNITY VIOLENCE PREVENTION PROGRAM
Department of Health and Human Services,Office of the National Coordinator for Health Information Technology,93.355,PUBLIC HEALTH INFORMATICS & TECHNOLOGY WORKFORCE DEVELOPMENT PROGRAM  (THE PHIT WORKFORCE DEVELOPMENT PROGRAM)
Department of Health and Human Services,Substance Abuse and Mental Health Services Administration,93.243,SUBSTANCE ABUSE AND MENTAL HEALTH SERVICES_PROJECTS OF REGIONAL AND NATIONAL SIGNIFICANCE
Department of Health and Human Services,Substance Abuse and Mental Health Services Administration,93.243,SUBSTANCE ABUSE AND MENTAL HEALTH SERVICES PROJECTS OF REGIONAL AND NATIONAL SIGNIFICANCE
Department of Health and Human Services,Substance Abuse and Mental Health Services Administration,93.243,SUBSTANCE ABUSE AND MENTAL HEALTH SERVICES: PROJECTS OF REGIONAL AND NATIO
Department of Health and Human Services,Substance Abuse and Mental Health Services Administration,93.276,DRUG-FREE COMMUNITIES SUPPORT PROGRAM GRANTS
Department of Health and Human Services,Substance Abuse and Mental Health Services Administration,93.493,CONGRESSIONAL DIRECTIVES
Department of Homeland Security,,97.044,ASSISTANCE TO FIREFIGHTERS GRANT
Department of Homeland Security,,97.061,CENTERS FOR HOMELAND SECURITY
Department of Homeland Security,,97.061,CENTERS OF EXCELLENCE
Department of Homeland Security,,97.062,SCIENTIFIC LEADERSHIP AWARDS
Department of Homeland Security,,97.062,"SCHOLARS AND FELLOWS, AND EDUCATION PROGRAMS"
Department of Homeland Security,,97.077,"HOMELAND SECURITY RESEARCH, DEVELOPMENT, TESTING, EVALUATION, AND DEMONSTRATION OF TECHNOLOGIES RELATED TO NUCLEAR THREAT DETECTION"
Department of Homeland Security,,97.077,"HOMELAND SECURITY RESEARCH TESTING, EVALUATION, AND DEMONSTRATION OF TECHNOLOGIES RELATED TO NUCLEAR DETECTION"
Department of Housing and Urban Development,,14.511,COMMUNITY OUTREACH PARTNERSHIP CENTER PROGRAM
Department of Housing and Urban Development,,14.515,ALASKA NATIVE/NATIVE HAWAIIAN INSTITUTIONS ASSISTING COMMUNITIES
Department of Housing and Urban Development,,14.703,SUSTAINABLE COMMUNITIES REGIONAL PLANNING GRANT PROGRAM
Department of Housing and Urban Development,,14.906,HEALTHY HOMES TECHNICAL STUDIES GRANTS
Department of Justice,,16.050,MISSING AND UNIDENTIFIED HUMAN REMAINS (MUHR) PROGRAM
Department of Justice,,16.525,"GRANTS TO REDUCE DOMESTIC VIOLENCE, DATING VIOLENCE, SEXUAL ASSAULT, AND STALKING ON CAMPUS"
Department of Justice,,16.540,JUVENILE JUSTICE AND DELINQUENCY PREVENTION
Department of Justice,,16.560,"NATIONAL INSTITUTE OF JUSTICE RESEARCH, EVALUATION, AND DEVELOPMENT PROJECT GRANTS"
Department of Justice,,16.562,CRIMINAL JUSTICE RESEARCH AND DEVELOPMENT GRADUATE RESEARCH FELLOWSHIPS
Department of Justice,,16.710,PUBLIC SAFETY PARTNERSHIP AND COMMUNITY POLICING GRANTS
Department of Justice,,16.745,CRIMINAL AND JUVENILE JUSTICE AND MENTAL HEALTH COLLABORATION PROGRAM
Department of Justice,,16.753,CONGRESSIONALLY RECOMMENDED AWARDS
Department of Justice,,16.812,SECOND CHANCE ACT REENTRY INITIATIVE
Department of Justice,,16.818,CHILDREN EXPOSED TO VIOLENCE
Department of Justice,,16.820,POSTCONVICTION TESTING OF DNA EVIDENCE
Department of Justice,,16.839,STOP SCHOOL VIOLENCE
Department of Labor,,17.002,LABOR FORCE STATISTICS
Department of Labor,,17.005,COMPENSATION AND WORKING CONDITIONS
Department of Labor,,17.268,H-1B JOB TRAINING GRANTS
Department of Labor,,17.275,PROGRAM OF COMPETITIVE GRANTS FOR WORKER TRAINING AND PLACEMENT IN HIGH GROWTH AND EMERGING INDUSTRY SECTORS
Department of Labor,,17.502,OCCUPATIONAL SAFETY AND HEALTH_SUSAN HARWOOD TRAINING GRANTS
Department of Labor,,17.502,OCCUPATIONAL SAFETY AND HEALTH SUSAN HARWOOD TRAINING GRANTS
Department of State,,19.009,ACADEMIC EXCHANGE PROGRAMS - UNDERGRADUATE PROGRAMS
Department of State,,19.019,INTERNATIONAL PROGRAMS TO COMBAT HUMAN TRAFFICKING
Department of State,,19.040,PUBLIC DIPLOMACY PROGRAMS
Department of State,,19.401,ACADEMIC EXCHANGE PROGRAMS - SCHOLARS
Department of State,,19.501,PUBLIC DIPLOMACY PROGRAMS FOR AFGHANISTAN AND PAKISTAN
Department of State,,19.900,AEECA PD PROGRAMS
Department of State,,19.900,AEECA/ESF PD PROGRAMS
Department of Transportation,,20.108,AVIATION RESEARCH GRANTS
Department of Transportation,,20.200,HIGHWAY RESEARCH AND DEVELOPMENT PROGRAM
Department of Transportation,,20.215,HIGHWAY TRAINING AND EDUCATION
Department of Transportation,,20.313,RAILROAD RESEARCH AND DEVELOPMENT
Department of Transportation,,20.325,CONSOLIDATED RAIL INFRASTRUCTURE AND SAFETY IMPROVEMENTS
Department of Transportation,,20.701,UNIVERSITY TRANSPORTATION CENTERS PROGRAM
Department of Transportation,,20.819,BALLAST WATER TREATMENT TECHNOLOGIES
Department of Transportation,,20.821,NATIONAL INFRASTRUCTURE INVESTMENTS
Department of Transportation,,20.931,"TRANSPORTATION PLANNING, RESEARCH AND EDUCATION"
Department of Veterans Affairs,,64.034,VA GRANTS FOR ADAPTIVE SPORTS PROGRAMS FOR DISABLED VETERANS AND DISABLED MEMBERS OF THE ARMED FORCES
Department of Veterans Affairs,,64.034,VA ASSISTANCE TO UNITED STATES PARALYMPIC INTEGRATED ADAPTIVE SPORTS PROGRAM
Department of Veterans Affairs,,64.051,SPECIALLY ADAPTED HOUSING ASSISTIVE TECHNOLOGY GRANT PROGRAM
Department of Veterans Affairs,,64.204,VETERANS LEGACY GRANTS PROGRAM
Department of the Interior,,12.910,RESEARCH AND TECHNOLOGY DEVELOPMENT
Department of the Interior,,15.037,WATER RESOURCES ON INDIAN LANDS
Department of the Interior,,15.159,CULTURAL RESOURCES MANAGEMENT
Department of the Interior,,15.224,CULTURAL AND PALEONTOLOGICAL RESOURCES MANAGEMENT
Department of the Interior,,15.224,CULTURAL RESOURCE MANAGEMENT
Department of the Interior,,15.225,RECREATION AND VISITOR SERVICES
Department of the Interior,,15.225,RECREATION RESOURCE MANAGEMENT
Department of the Interior,,15.230,INVASIVE AND NOXIOUS PLANT MANAGEMENT
Department of the Interior,,15.231,"FISH, WILDLIFE AND PLANT CONSERVATION RESOURCE MANAGEMENT"
Department of the Interior,,15.232,JOINT FIRE SCIENCE PROGRAM
Department of the Interior,,15.232,WILDLAND FIRE RESEARCH AND STUDIES
Department of the Interior,,15.233,FOREST AND WOODLANDS RESOURCE MANAGEMENT
Department of the Interior,,15.233,FORESTS AND WOODLANDS RESOURCE MANAGEMENT
Department of the Interior,,15.236,ENVIRONMENTAL QUALITY AND PROTECTION RESOURCE MANAGEMENT
Department of the Interior,,15.236,ENVIRONMENTAL QUALITY AND PROTECTION
Department of the Interior,,15.238,CHALLENGE COST SHARE
Department of the Interior,,15.242,NATIONAL FIRE PLAN - RURAL FIRE ASSISTANCE
Department of the Interior,,15.243,YOUTH CONSERVATION OPPORTUNITIES ON PUBLIC LANDS
Department of the Interior,,15.244,AQUATICS RESOURCES MANAGEMENT
Department of the Interior,,15.245,PLANT CONSERVATION AND RESTORATION MANAGEMENT
Department of the Interior,,15.246,THREATENED AND ENDANGERED SPECIES
Department of the Interior,,15.247,WILDLIFE RESOURCE MANAGEMENT
Department of the Interior,,15.423,BUREAU OF OCEAN ENERGY MANAGEMENT (BOEM) ENVIRONMENTAL STUDIES (ES)
Department of the Interior,,15.506,WATER DESALINATION RESEARCH AND DEVELOPMENT
Department of the Interior,,15.512,"CENTRAL VALLEY IMPROVEMENT ACT, TITLE XXXIV"
Department of the Interior,,15.512,"CENTRAL VALLEY PROJECT IMPROVEMENT ACT, TITLE XXXIV"
Department of the Interior,,15.517,FISH AND WILDLIFE COORDINATION ACT
Department of the Interior,,15.533,CALIFORNIA WATER SECURITY AND ENVIRONMENTAL ENHANCEMENT
Department of the Interior,,15.549,INTEGRATED REGIONAL WATER PLAN FOR THE CENTRAL VALLEY OF CALIFORNIA
Department of the Interior,,15.555,SAN JOAQUIN RIVER RESTORATION
Department of the Interior,,15.555,SAN JOAQUIN RIVER RESTORATION PROGRAM
Department of the Interior,,15.557,APPLIED SCIENCE GRANTS
Department of the Interior,,15.560,SECURE WATER ACT – RESEARCH AGREEMENTS
Department of the Interior,,15.560,SECURE WATER ACT     RESEARCH AGREEMENTS
Department of the Interior,,15.564,CENTRAL VALLEY PROJECT CONSERVATION
Department of the Interior,,15.608,FISH AND WILDLIFE MANAGEMENT ASSISTANCE
Department of the Interior,,15.630,COASTAL PROGRAM
Department of the Interior,,15.630,COASTAL
Department of the Interior,,15.631,PARTNERS FOR FISH AND WILDLIFE
Department of the Interior,,15.637,MIGRATORY BIRD JOINT VENTURES
Department of the Interior,,15.642,CHALLENGE COST SHARE
Department of the Interior,,15.648,CENTRAL VALLEY PROJECT IMPROVEMENT  (CVPI) ANADROMOUS FISH RESTORATION PROGRAM (AFRP)
Department of the Interior,,15.648,CENTRAL VALLEY PROJECT IMPROVEMENT ACT (CVPIA)
Department of the Interior,,15.648,CENTRAL VALLEY PROJECT IMPROVEMENT  (CVPI) ANADROMOUS FISH RESTORATION PRO
Department of the Interior,,15.650,RESEARCH GRANTS (GENERIC)
Department of the Interior,,15.655,"MIGRATORY BIRD MONITORING, ASSESSMENT AND CONSERVATION"
Department of the Interior,,15.657,ENDANGERED SPECIES RECOVERY IMPLEMENTATION
Department of the Interior,,15.657,Unknown
Department of the Interior,,15.657,ENDANGERED SPECIES CONSERVATION – RECOVERY IMPLEMENTATION FUNDS
Department of the Interior,,15.657,ENDANGERED SPECIES CONSERVATION     RECOVERY IMPLEMENTATION FUNDS
Department of the Interior,,15.658,NATURAL RESOURCE DAMAGE ASSESSMENT AND RESTORATION
Department of the Interior,,15.658,"NATURAL RESOURCE DAMAGE ASSESSMENT, RESTORATION AND IMPLEMENTATION"
Department of the Interior,,15.659,NATIONAL WILDLIFE REFUGE FUND
Department of the Interior,,15.664,FISH AND WILDLIFE COORDINATION AND ASSISTANCE
Department of the Interior,,15.669,COOPERATIVE LANDSCAPE CONSERVATION
Department of the Interior,,15.670,ADAPTIVE SCIENCE
Department of the Interior,,15.676,"YOUTH ENGAGEMENT, EDUCATION, AND EMPLOYMENT"
Department of the Interior,,15.678,COOPERATIVE ECOSYSTEM STUDIES UNITS
Department of the Interior,,15.807,EARTHQUAKE HAZARDS PROGRAM ASSISTANCE
Department of the Interior,,15.807,EARTHQUAKE HAZARDS RESEARCH AND MONITORING ASSISTANCE
Department of the Interior,,15.807,EARTHQUAKE HAZARDS REDUCTION PROGRAM
Department of the Interior,,15.807,EARTHQUAKE HAZARDS RESEARCH GRANTS
Department of the Interior,,15.808,U.S. GEOLOGICAL SURVEY RESEARCH AND DATA COLLECTION
Department of the Interior,,15.808,U.S. GEOLOGICAL SURVEY_ RESEARCH AND DATA COLLECTION
Department of the Interior,,15.810,NATIONAL COOPERATIVE GEOLOGIC MAPPING PROGRAM
Department of the Interior,,15.810,NATIONAL COOPERATIVE GEOLOGIC MAPPING
Department of the Interior,,15.812,COOPERATIVE RESEARCH UNITS PROGRAM
Department of the Interior,,15.812,COOPERATIVE RESEARCH UNITS
Department of the Interior,,15.817,NATIONAL GEOSPATIAL PROGRAM: BUILDING THE NATIONAL MAP
Department of the Interior,,15.818,VOLCANO HAZARDS PROGRAM RESEARCH AND MONITORING.
Department of the Interior,,15.921,"RIVERS, TRAILS AND CONSERVATION ASSISTANCE"
Department of the Interior,,15.922,NATIVE AMERICAN GRAVES PROTECTION AND REPATRIATION ACT
Department of the Interior,,15.923,NATIONAL CENTER FOR PRESERVATION TECHNOLOGY AND TRAINING
Department of the Interior,,15.933,PRESERVATION OF JAPANESE AMERICAN CONFINEMENT SITES
Department of the Interior,,15.944,NATURAL RESOURCE STEWARDSHIP
Department of the Interior,,15.945,COOPERATIVE RESEARCH AND TRAINING PROGRAMS – RESOURCES OF THE NATIONAL PARK SYSTEM
Department of the Interior,,15.945,COOPERATIVE RESEARCH AND TRAINING PROGRAMS - RESOURCES OF THE NATIONAL PAR
Department of the Interior,,15.946,CULTURAL RESOURCES MANAGEMENT
Department of the Interior,,15.954,"NATIONAL PARK SERVICE CONSERVATION, PROTECTION, OUTREACH, AND EDUCATION"
Department of the Treasury,,21.003,TAXPAYER SERVICE
Department of the Treasury,,21.008,LOW INCOME TAXPAYER CLINICS
Department of the Treasury,,21.008,LITC
Department of the Treasury,,21.009,VOLUNTEER INCOME TAX ASSISTANCE (VITA) MATCHING GRANT PROGRAM
Environmental Protection Agency,,66.034,"SURVEYS, STUDIES, RESEARCH, INVESTIGATIONS, DEMONSTRATIONS, AND SPECIAL PURPOSE ACTIVITIES RELATING TO THE CLEAN AIR ACT"
Environmental Protection Agency,,66.126,GEOGRAPHIC PROGRAMS - SAN FRANCISCO BAY WATER QUALITY IMPROVEMENT FUND
Environmental Protection Agency,,66.202,CONGRESSIONALLY MANDATED PROJECTS
Environmental Protection Agency,,66.203,ENVIRONMENTAL FINANCE CENTER GRANTS
Environmental Protection Agency,,66.309,"SURVEYS, STUDIES, INVESTIGATIONS, TRAINING AND SPECIAL PURPOSE ACTIVITIES RELATING TO ENVIRONMENTAL JUSTICE"
Environmental Protection Agency,,66.439,TARGETED WATERSHEDS GRANTS
Environmental Protection Agency,,66.461,REGIONAL WETLAND PROGRAM DEVELOPMENT GRANTS
Environmental Protection Agency,,66.461,REGIONAL WETLANDS PROGRAM DEVELOPMENT GRANTS
Environmental Protection Agency,,66.509,SCIENCE TO ACHIEVE RESULTS (STAR) RESEARCH PROGRAM
Environmental Protection Agency,,66.511,OFFICE OF RESEARCH AND DEVELOPMENT CONSOLIDATED RESEARCH/TRAINING/FELLOWSHIPS
Environmental Protection Agency,,66.516,P3 AWARD: NATIONAL STUDENT DESIGN COMPETITION FOR SUSTAINABILITY
Environmental Protection Agency,,66.608,ENVIRONMENTAL INFORMATION EXCHANGE NETWORK GRANT PROGRAM AND RELATED ASSISTANCE
Environmental Protection Agency,,66.716,"RESEARCH, DEVELOPMENT, MONITORING, PUBLIC EDUCATION, TRAINING, DEMONSTRATIONS, AND STUDIES"
Environmental Protection Agency,,66.815,BROWNFIELDS JOB TRAINING COOPERATIVE AGREEMENTS
Environmental Protection Agency,,66.818,"BROWNFIELDS MULTIPURPOSE, ASSESSMENT, REVOLVING LOAN FUND, AND CLEANUP COOPERATIVE AGREEMENTS"
Institute of Museum and Library Services,,45.301,MUSEUMS FOR AMERICA
Institute of Museum and Library Services,,45.301,LEARNING OPPORTUNITIES GRANTS
Institute of Museum and Library Services,,45.303,CONSERVATION PROJECT SUPPORT
Institute of Museum and Library Services,,45.312,NATIONAL LEADERSHIP GRANTS
Institute of Museum and Library Services,,45.312,SPARKS
Institute of Museum and Library Services,,45.313,LAURA BUSH 21ST CENTURY LIBRARIAN PROGRAM
National Aeronautics and Space Administration,,43.001,SCIENCE
National Aeronautics and Space Administration,,43.001,AEROSPACE EDUCATION SERVICES PROGRAM
National Aeronautics and Space Administration,,43.002,AERONAUTICS
National Aeronautics and Space Administration,,43.003,EXPLORATION
National Aeronautics and Space Administration,,43.007,SPACE OPERATIONS
National Aeronautics and Space Administration,,43.008,EDUCATION
National Aeronautics and Space Administration,,43.008,OFFICE OF STEM ENGAGEMENT (OSTEM)
National Aeronautics and Space Administration,,43.009,CROSS AGENCY SUPPORT
National Aeronautics and Space Administration,,43.009,MISSION SUPPORT
National Aeronautics and Space Administration,,43.009,"SAFETY, SECURITY AND MISSION SERVICES"
National Aeronautics and Space Administration,,43.012,SPACE TECHNOLOGY
National Aeronautics and Space Administration,,43.AAA,RESEARCH GRANTS FOR THE SPACE PROGRAM
National Archives and Records Administration,,89.003,NATIONAL HISTORICAL PUBLICATIONS AND RECORDS GRANTS
National Endowment for the Arts,,45.024,AWARDS TO ORGANIZATIONS AND INDIVIDUALS
National Endowment for the Arts,,45.024,PROMOTION OF THE ARTS_GRANTS TO ORGANIZATIONS AND INDIVIDUALS
National Endowment for the Arts,,45.024,PROMOTION OF THE ARTS GRANTS TO ORGANIZATIONS AND INDIVIDUALS
National Endowment for the Humanities,,45.035,COLLABORATIVE RESEARCH
National Endowment for the Humanities,,45.130,PROMOTION OF THE HUMANITIES CHALLENGE GRANTS
National Endowment for the Humanities,,45.130,PROMOTION OF THE HUMANITIES_CHALLENGE GRANTS (B)
National Endowment for the Humanities,,45.130,PROMOTION OF THE HUMANITIES_CHALLENGE GRANTS
National Endowment for the Humanities,,45.149,PROMOTION OF THE HUMANITIES_DIVISION OF PRESERVATION AND ACCESS
National Endowment for the Humanities,,45.149,PROMOTION OF THE HUMANITIES DIVISION OF PRESERVATION AND ACCESS
National Endowment for the Humanities,,45.149,PROMOTION OF THE HUMANITIES_DIVISION OF PRESERVATION AND ACCESS (B)
National Endowment for the Humanities,,45.161,PROMOTION OF THE HUMANITIES RESEARCH
National Endowment for the Humanities,,45.161,PROMOTION OF THE HUMANITIES_RESEARCH
National Endowment for the Humanities,,45.162,PROMOTION OF THE HUMANITIES_TEACHING AND LEARNING RESOURCES AND CURRICULUM
National Endowment for the Humanities,,45.162,PROMOTION OF THE HUMANITIES TEACHING AND LEARNING RESOURCES AND CURRICULUM DEVELOPMENT
National Endowment for the Humanities,,45.162,PROMOTION OF THE HUMANITIES_TEACHING AND LEARNING RESOURCES AND CURRICULUM DEVELOPMENT
National Endowment for the Humanities,,45.163,PROMOTION OF THE HUMANITIES_PROFESSIONAL DEVELOPMENT
National Endowment for the Humanities,,45.163,PROMOTION OF THE HUMANITIES PROFESSIONAL DEVELOPMENT
National Endowment for the Humanities,,45.164,PROMOTION OF THE HUMANITIES_PUBLIC PROGRAMS (B)
National Endowment for the Humanities,,45.164,PROMOTION OF THE HUMANITIES PUBLIC PROGRAMS
National Endowment for the Humanities,,45.164,PROMOTION OF THE HUMANITIES_PUBLIC PROGRAMS
National Endowment for the Humanities,,45.169,PROMOTION OF THE HUMANITIES OFFICE OF DIGITAL HUMANITIES
National Endowment for the Humanities,,45.169,PROMOTION OF THE HUMANITIES_OFFICE OF DIGITAL HUMANITIES
National Science Foundation,,47.041,ENGINEERING
National Science Foundation,,47.041,ENGINEERING GRANTS
National Science Foundation,,47.049,MATHEMATICAL AND PHYSICAL SCIENCES
National Science Foundation,,47.050,GEOSCIENCES
National Science Foundation,,47.070,COMPUTER AND INFORMATION SCIENCE AND ENGINEERING
National Science Foundation,,47.074,BIOLOGICAL SCIENCES
National Science Foundation,,47.075,"SOCIAL, BEHAVIORAL, AND ECONOMIC SCIENCES"
National Science Foundation,,47.076,STEM EDUCATION (FORMERLY EDUCATION AND HUMAN RESOURCES)
National Science Foundation,,47.076,EDUCATION AND HUMAN RESOURCES
National Science Foundation,,47.078,POLAR PROGRAMS
National Science Foundation,,47.079,OFFICE OF INTERNATIONAL SCIENCE AND ENGINEERING
National Science Foundation,,47.079,OFFICE OF INTERNATIONAL SCIENCE & ENGINEERING
National Science Foundation,,47.079,INTERNATIONAL SCIENCE AND ENGINEERING (OISE)
National Science Foundation,,47.079,OFFICE OF INTERNATIONAL AND INTEGRATIVE ACTIVITIES
National Science Foundation,,47.080,OFFICE OF CYBERINFRASTRUCTURE
National Science Foundation,,47.081,OFFICE OF EXPERIMENTAL PROGRAM TO STIMULATE COMPETITIVE RESEARCH
National Science Foundation,,47.082,TRANS-NSF RECOVERY ACT REASEARCH SUPPORT
National Science Foundation,,47.082,TRANS-NSF RECOVERY ACT RESEARCH SUPPORT
National Science Foundation,,47.083,INTEGRATIVE ACTIVITIES
National Science Foundation,,47.084,"NSF TECHNOLOGY, INNOVATION, AND PARTNERSHIPS"
Nuclear Regulatory Commission,,77.006,EDUCATION GRANT PROGRAM  NUCLEAR REGULATORY COMMISSION  B - PROJECT GRANTS
Nuclear Regulatory Commission,,77.006,U. S. NUCLEAR REGULATORY COMMISSION NUCLEAR EDUCATION GRANT PROGRAM
Nuclear Regulatory Commission,,77.007,U.S. NUCLEAR REGULATORY COMMISSION MINORITY SERVING INSTITUTIONS PROGRAM (MSIP)
Nuclear Regulatory Commission,,77.007,MINORITY SERVING INSTITUTIONS PROGRAM (MSIP)  NUCLEAR REGULATORY COMMISSIO
Nuclear Regulatory Commission,,77.008,U.S. NUCLEAR REGULATORY COMMISSION SCHOLARSHIP AND FELLOWSHIP PROGRAM
Small Business Administration,,59.007,7(I) TECHNICAL ASSISTANCE
Small Business Administration,,59.007,7(J) TECHNICAL ASSISTANCE
Small Business Administration,,59.037,SMALL BUSINESS DEVELOPMENT CENTERS
Small Business Administration,,59.037,SMALL BUSINESS DEVELOPMENT CENTER
Small Business Administration,,59.043,WOMEN'S BUSINESS OWNERSHIP ASSISTANCE
Small Business Administration,,59.044,VETERANS OUTREACH PROGRAM
Small Business Administration,,59.050,PRIME TECHNICAL ASSISTANCE
Small Business Administration,,59.058,FEDERAL AND STATE TECHNOLOGY PARTNERSHIP PROGRAM
Small Business Administration,,59.059,CONGRESSIONAL
Small Business Administration,,59.059,CONGRESSIONAL GRANTS
Small Business Administration,,59.060,SMALL BUSINESS TEAMING PILOT PROGRAM
